t_ms,air_x10
0,906
50,783
100,739
150,717
200,706
250,706
300,712
350,714
400,732
450,741
500,756
550,772
600,791
650,809
700,827
750,846
800,860
850,879
900,893
950,902
1000,923
1050,935
1100,946
1150,956
1200,970
1250,976
1300,985
1350,990
1400,1000
1450,1009
1500,1007
1550,1005
1600,1016
1650,1023
1700,1025
1750,1031
1800,1034
1850,1032
1900,1036
1950,1036
2000,1036
2050,1034
2100,1038
2150,1038
2200,1038
2250,1038
2300,1043
2350,1049
2400,1042
2450,1040
2500,1040
2550,1040
2600,1038
2650,1053
2700,1045
2750,1031
2800,1040
2850,1045
2900,1040
2950,1042
3000,961
3050,901
3100,871
3150,849
3200,831
3250,807
3300,811
3350,807
3400,800
3450,818
3500,824
3550,826
3600,831
3650,847
3700,857
3750,864
3800,882
3850,875
3900,899
3950,895
4000,908
4050,928
4100,926
4150,930
4200,943
4250,946
4300,956
4350,961
4400,970
4450,976
4500,978
4550,983
4600,987
4650,994
4700,1000
4750,1003
4800,1007
4850,1009
4900,1010
4950,1016
5000,1016
5050,1016
5100,1018
5150,1020
5200,1025
5250,1025
5300,1027
5350,1025
5400,1032
5450,1031
5500,1029
5550,1034
5600,1040
5650,1029
5700,1036
5750,1036
5800,1038
5850,1031
5900,1034
5950,1038
6000,1034
6050,1038
6100,1034
6150,1031
6200,1034
6250,1038
6300,1038
6350,1032
6400,1031
6450,1038
6500,1040
6550,1036
6600,1038
6650,1040
6700,1038
6750,1036
6800,1042
6850,1036
6900,1038
6950,1040
7000,1038
7050,1038
7100,1040
7150,1040
7200,1038
7250,1036
7300,1038
7350,1038
7400,1038
7450,1036
7500,1040
7550,1036
7600,1040
7650,1029
7700,1043
7750,1038
7800,1040
7850,1043
7900,1038
7950,1038
8000,1034
8050,1036
8100,1040
8150,1040
8200,1042
8250,1045
8300,1040
8350,1040
8400,1040
8450,1042
8500,1042
8550,1027
8600,1042
8650,1040
8700,1042
8750,1040
8800,1040
8850,1040
8900,1040
8950,1042
9000,1038
9050,1040
9100,1040
9150,1040
9200,1042
9250,1036
9300,1045
9350,1036
9400,1042
9450,1038
9500,1034
9550,1040
9600,1038
9650,1040
9700,1042
9750,1045
9800,1031
9850,1040
9900,1040
9950,1040
